{"arch": "arch.mlp_set5f", "nh": 255, "nh2": 51, "nh3": 161, "nlayers": 4, "nlayers2": 1, "nlayers3": 9, "margin": 3.0065571059634104, "epochs": 283, "lr": 0.001016781340926109, "decay": 7.694425756716923e-06, "batch": 9}